image_path,volumes
/workspace/datasets/1.png,"[0.16658019767743673, 0.0667632645899506, 0.03913636888274094]"
